{
  "model": "google/gemma-scope-2-12b-it",
  "layer": 24,
  "site": "resid_post",
  "width": "65k",
  "l0": "medium",
  "d_sae": 65536,
  "l0_mean": 45.2,
  "manifolds": [
    {
      "name": "colors",
      "n_samples": 5832,
      "k_estimate": 2,
      "restricted_r2": {
        "1": 0.5035,
        "2": 0.5169,
        "3": 0.5597,
        "4": 0.4714,
        "5": 0.485,
        "6": 0.4899,
        "7": 0.5031,
        "8": 0.5042,
        "9": 0.5051,
        "10": 0.5072,
        "11": 0.5099,
        "12": 0.5113,
        "13": 0.5116,
        "14": 0.5118,
        "15": 0.5123,
        "16": 0.8787,
        "17": 0.8885,
        "18": 0.8889,
        "19": 0.8898,
        "20": 0.8911,
        "21": 0.8915,
        "22": 0.8917,
        "23": 0.8919,
        "24": 0.8977,
        "25": 0.9286,
        "26": 0.9441,
        "27": 0.9495,
        "28": 0.9582,
        "29": 0.9582,
        "30": 0.962,
        "31": 0.9625,
        "32": 0.9643
      },
      "support_size": 103,
      "rf_spread": 0.7731,
      "pca_var_top3": 0.9540701881051064
    },
    {
      "name": "days",
      "n_samples": 10080,
      "k_estimate": 6,
      "restricted_r2": {
        "1": 0.2345,
        "2": 0.3097,
        "3": 0.3734,
        "4": 0.3756,
        "5": 0.5819,
        "6": 0.5951,
        "7": 0.7764,
        "8": 0.9312,
        "9": 0.9313,
        "10": 0.9477,
        "11": 0.9484,
        "12": 0.9497,
        "13": 0.9556,
        "14": 0.9666,
        "15": 0.9691,
        "16": 0.9693,
        "17": 0.9835,
        "18": 0.9844,
        "19": 0.9845,
        "20": 0.9851,
        "21": 0.9853,
        "22": 0.9853,
        "23": 0.9853,
        "24": 0.9854,
        "25": 0.9857,
        "26": 0.9861,
        "27": 0.9864,
        "28": 0.9865,
        "29": 0.9865,
        "30": 0.9875,
        "31": 0.9888,
        "32": 0.9888
      },
      "support_size": 85,
      "rf_spread": 0.9328,
      "pca_var_top3": 0.8036855719983578
    },
    {
      "name": "temperature",
      "n_samples": 1501,
      "k_estimate": 4,
      "restricted_r2": {
        "1": 0.0061,
        "2": 0.2013,
        "3": 0.6753,
        "4": 0.6863,
        "5": 0.6886,
        "6": 0.8168,
        "7": 0.8168,
        "8": 0.8172,
        "9": 0.8183,
        "10": 0.8188,
        "11": 0.8226,
        "12": 0.8363,
        "13": 0.8803,
        "14": 0.8815,
        "15": 0.8816,
        "16": 0.8845,
        "17": 0.885,
        "18": 0.9146,
        "19": 0.9187,
        "20": 0.9188,
        "21": 0.9272,
        "22": 0.9278,
        "23": 0.9278,
        "24": 0.928,
        "25": 0.9281,
        "26": 0.9283,
        "27": 0.9325,
        "28": 0.9453,
        "29": 0.9464,
        "30": 0.9467,
        "31": 0.9516,
        "32": 0.9516
      },
      "support_size": 67,
      "rf_spread": 0.8803,
      "pca_var_top3": 0.8941225707530975
    },
    {
      "name": "years",
      "n_samples": 2400,
      "k_estimate": 1,
      "restricted_r2": {
        "1": 0.6681,
        "2": 0.9305,
        "3": 0.9491,
        "4": 0.9548,
        "5": 0.9573,
        "6": 0.7921,
        "7": 0.7928,
        "8": 0.7958,
        "9": 0.9364,
        "10": 0.9364,
        "11": 0.9364,
        "12": 0.9377,
        "13": 0.9408,
        "14": 0.9446,
        "15": 0.9453,
        "16": 0.9658,
        "17": 0.9658,
        "18": 0.9678,
        "19": 0.9678,
        "20": 0.9678,
        "21": 0.9679,
        "22": 0.9682,
        "23": 0.9687,
        "24": 0.9708,
        "25": 0.972,
        "26": 0.9731,
        "27": 0.9731,
        "28": 0.9732,
        "29": 0.978,
        "30": 0.9783,
        "31": 0.9783,
        "32": 0.9784
      },
      "support_size": 99,
      "rf_spread": 0.9789,
      "pca_var_top3": 0.9172587101347744
    }
  ],
  "ising": {
    "active_atoms": 271,
    "j_max": 0.5363,
    "concept_assignments": {
      "colors": 89,
      "temperature": 50,
      "years": 64,
      "days": 68
    }
  }
}