{
  "model": "google/gemma-scope-2-12b-it",
  "layer": 24,
  "site": "resid_post",
  "width": "16k",
  "l0": "medium",
  "manifolds": [
    {
      "name": "colors",
      "n_samples": 5832,
      "k_estimate": 2,
      "restricted_r2": {
        "1": 0.0132,
        "2": 0.4983,
        "3": 0.5022,
        "4": 0.5902,
        "5": 0.6018,
        "6": 0.5392,
        "7": 0.6868,
        "8": 0.5692,
        "9": 0.7007,
        "10": 0.5482,
        "11": 0.7035,
        "12": 0.549,
        "13": 0.7395,
        "14": 0.545,
        "15": 0.7424,
        "16": 0.7256,
        "17": 0.7638,
        "18": 0.6802,
        "19": 0.7704,
        "20": 0.7707,
        "21": 0.7794,
        "22": 0.7795,
        "23": 0.7832,
        "24": 0.7863,
        "25": 0.7969,
        "26": 0.8077,
        "27": 0.8099,
        "28": 0.9022,
        "29": 0.9153,
        "30": 0.84,
        "31": 0.9288,
        "32": 0.9177
      },
      "support_size": 93,
      "rf_spread": 0.741,
      "pca_var_top3": 0.9540645070374012
    },
    {
      "name": "days",
      "n_samples": 10080,
      "k_estimate": 6,
      "restricted_r2": {
        "1": 0.5467,
        "2": 0.5667,
        "3": 0.5678,
        "4": 0.6015,
        "5": 0.6808,
        "6": 0.6018,
        "7": 0.7646,
        "8": 0.713,
        "9": 0.7896,
        "10": 0.6963,
        "11": 0.8468,
        "12": 0.7088,
        "13": 0.8591,
        "14": 0.789,
        "15": 0.8633,
        "16": 0.8433,
        "17": 0.8812,
        "18": 0.9068,
        "19": 0.9345,
        "20": 0.9331,
        "21": 0.9363,
        "22": 0.9427,
        "23": 0.9433,
        "24": 0.9573,
        "25": 0.9582,
        "26": 0.9328,
        "27": 0.9592,
        "28": 0.9597,
        "29": 0.9602,
        "30": 0.9363,
        "31": 0.9632,
        "32": 0.9621
      },
      "support_size": 92,
      "rf_spread": 0.9417,
      "pca_var_top3": 0.8036881126463413
    },
    {
      "name": "temperature",
      "n_samples": 1501,
      "k_estimate": 4,
      "restricted_r2": {
        "1": 0.1976,
        "2": 0.3931,
        "3": 0.6513,
        "4": 0.721,
        "5": 0.7309,
        "6": 0.6976,
        "7": 0.7909,
        "8": 0.6485,
        "9": 0.8269,
        "10": 0.5498,
        "11": 0.8734,
        "12": 0.6852,
        "13": 0.884,
        "14": 0.7459,
        "15": 0.8981,
        "16": 0.9227,
        "17": 0.9633,
        "18": 0.933,
        "19": 0.973,
        "20": 0.9769,
        "21": 0.982,
        "22": 0.986,
        "23": 0.986,
        "24": 0.986,
        "25": 0.9861,
        "26": 0.9541,
        "27": 0.9867,
        "28": 0.9857,
        "29": 0.987,
        "30": 0.9395,
        "31": 0.9875,
        "32": 0.9873
      },
      "support_size": 82,
      "rf_spread": 0.9309,
      "pca_var_top3": 0.8941538333892822
    },
    {
      "name": "years",
      "n_samples": 2400,
      "k_estimate": 1,
      "restricted_r2": {
        "1": 0.8364,
        "2": 0.9002,
        "3": 0.9004,
        "4": 0.8615,
        "5": 0.8772,
        "6": 0.8438,
        "7": 0.8962,
        "8": 0.9122,
        "9": 0.9122,
        "10": 0.8816,
        "11": 0.9174,
        "12": 0.8876,
        "13": 0.922,
        "14": 0.9429,
        "15": 0.9571,
        "16": 0.9564,
        "17": 0.9585,
        "18": 0.9539,
        "19": 0.964,
        "20": 0.9639,
        "21": 0.967,
        "22": 0.9673,
        "23": 0.9674,
        "24": 0.9677,
        "25": 0.9684,
        "26": 0.9607,
        "27": 0.9715,
        "28": 0.9694,
        "29": 0.9722,
        "30": 0.9624,
        "31": 0.9745,
        "32": 0.9724
      },
      "support_size": 108,
      "rf_spread": 1.0195,
      "pca_var_top3": 0.9172592298127711
    }
  ]
}