{
  "L0": {
    "top_pos_features": [
      299,
      3603,
      59,
      3174,
      14518,
      9755,
      7188,
      72,
      2771,
      289,
      204,
      55,
      126,
      10937,
      9299,
      8387,
      158,
      21,
      457,
      5722
    ],
    "top_neg_features": [
      16168,
      2966,
      790,
      295,
      216,
      359,
      346,
      970,
      826,
      9002
    ],
    "top_r2_values": [
      0.5580754162498707,
      0.553949580508072,
      0.5534234766785877,
      0.5416704301041461,
      0.49481690144221807,
      0.4834901363442425,
      0.4689943833538403,
      0.4289911859685293,
      0.38849328825000395,
      0.3728955421976636,
      0.3725656126008653,
      0.36685018064663605,
      0.35438385964876,
      0.29713638357313893,
      0.2922131709085473,
      0.2715813834828227,
      0.18231544021171006,
      0.18216443045578048,
      0.18114287706926602,
      0.1775551025561219
    ],
    "top_signed_r": [
      0.7470444539984689,
      0.7442778919920109,
      0.7439243756448555,
      0.7359826289418425,
      0.7034322294593974,
      0.6953345499428617,
      0.6848316459932619,
      0.654974187253612,
      0.6232922976020191,
      0.6106517356052168,
      0.6103815303569279,
      0.6056815835458728,
      0.5953014863485225,
      0.5451021771862032,
      0.5405674526907325,
      0.521134707616776,
      0.4269841217325416,
      0.4268072521124501,
      0.425608831051784,
      0.4213728782872978
    ]
  },
  "L1": {
    "top_pos_features": [
      632,
      4617,
      3267,
      2250,
      384,
      958,
      5221,
      5204,
      1787,
      6127,
      2450,
      8264,
      13736,
      15478,
      3743,
      2273,
      12483,
      14683,
      6457,
      7304
    ],
    "top_neg_features": [
      1050,
      6096,
      3101,
      12386,
      1317,
      6538,
      3227,
      39,
      2292,
      2733
    ],
    "top_r2_values": [
      0.8183280510030899,
      0.7027343555462952,
      0.6253334138790355,
      0.5540487536678088,
      0.5539447592711121,
      0.5130880441630471,
      0.48284122145000674,
      0.3901473474390035,
      0.35351306420280554,
      0.34756415517814954,
      0.32349352280944066,
      0.29026452739247627,
      0.2701212620109483,
      0.26289558507183425,
      0.2626975949769749,
      0.26060297827035483,
      0.2600679061636822,
      0.2529492817579763,
      0.23490174739868278,
      0.2333596221944699
    ],
    "top_signed_r": [
      0.9046148633551684,
      0.8382925238520829,
      0.7907802563791255,
      0.7443445127545502,
      0.744274653116114,
      0.7163016432781982,
      0.6948677726373607,
      0.6246177610659208,
      0.5945696462171658,
      0.5895457193281531,
      0.5687649099667108,
      0.5387620322484468,
      0.5197319135967583,
      0.5127334444639186,
      0.5125403349756728,
      0.5104928777861204,
      0.509968534483925,
      0.5029406344271422,
      0.4846666353264713,
      0.4830731023297302
    ]
  }
}