{
  "0": {
    "r2": 0.85143262214429,
    "fold_scores": [
      0.7572972547449118,
      0.9310442752180006,
      0.7770889121991142,
      0.88039769086499,
      0.9113349776944331
    ]
  },
  "3": {
    "r2": 0.9879199530310305,
    "fold_scores": [
      0.9894504700977984,
      0.975077503123855,
      0.9924527794238489,
      0.9913901442121271,
      0.9912288682975233
    ]
  },
  "6": {
    "r2": 0.991222224239815,
    "fold_scores": [
      0.9954466903898402,
      0.9784827159079008,
      0.9849020673166158,
      0.99891901006614,
      0.998360637518578
    ]
  },
  "9": {
    "r2": 0.9737323641977437,
    "fold_scores": [
      0.9807903312033406,
      0.9111971351918234,
      0.9955173844997327,
      0.992733106887693,
      0.9884238632061285
    ]
  },
  "12": {
    "r2": 0.9874879488673006,
    "fold_scores": [
      0.9942711870809395,
      0.97105158760566,
      0.977258493310493,
      0.9972334946077801,
      0.9976249817316298
    ]
  },
  "15": {
    "r2": 0.9892583219096982,
    "fold_scores": [
      0.9931945051763621,
      0.9934682485693285,
      0.9981034893592025,
      0.9932006159266022,
      0.9683247505169963
    ]
  },
  "18": {
    "r2": 0.9783137463870997,
    "fold_scores": [
      0.9892282313790886,
      0.9768945506260119,
      0.9723375767707135,
      0.9718279389285982,
      0.9812804342310862
    ]
  },
  "21": {
    "r2": 0.9558840554267187,
    "fold_scores": [
      0.950136289620032,
      0.9769960258807956,
      0.9654304410256574,
      0.9528151632523219,
      0.9340423573547862
    ]
  },
  "24": {
    "r2": 0.8948594355770819,
    "fold_scores": [
      0.8064664766756835,
      0.9369236553160534,
      0.9267460419079379,
      0.9013472419637216,
      0.9028137620220138
    ]
  },
  "27": {
    "r2": 0.8864567192005748,
    "fold_scores": [
      0.8233649422085154,
      0.7684934523725984,
      0.9483056552220959,
      0.9450296554317279,
      0.9470898907679367
    ]
  },
  "30": {
    "r2": 0.8998499119596728,
    "fold_scores": [
      0.8699353401958739,
      0.7947008732272117,
      0.901593372984837,
      0.9619780757085268,
      0.9710418976819147
    ]
  },
  "33": {
    "r2": 0.9042970082047311,
    "fold_scores": [
      0.8693823887821222,
      0.9053427977466924,
      0.8313577937464693,
      0.9497632099337563,
      0.9656388508146156
    ]
  },
  "36": {
    "r2": 0.8814634526679438,
    "fold_scores": [
      0.8421361588424049,
      0.9569848670496343,
      0.668130971903265,
      0.9582290384240537,
      0.9818362271203607
    ]
  },
  "39": {
    "r2": 0.8196069944144462,
    "fold_scores": [
      0.6752224250911163,
      0.9590262732427085,
      0.5203544673220033,
      0.9607091698058051,
      0.9827226366105974
    ]
  },
  "42": {
    "r2": 0.8899808918866287,
    "fold_scores": [
      0.9263939435761441,
      0.9483975345868594,
      0.6578074526549403,
      0.9441027812950734,
      0.9732027473201258
    ]
  },
  "45": {
    "r2": 0.7325924395740238,
    "fold_scores": [
      0.882300717732058,
      0.9397211399629408,
      -0.08973012507894373,
      0.9535381824956246,
      0.9771322827584392
    ]
  }
}