{
  "0": {
    "r2": 0.851030879226987,
    "fold_scores": [
      0.7579242150747574,
      0.9300506857702339,
      0.776885884876102,
      0.8790798061848055,
      0.9112138042290356
    ]
  },
  "1": {
    "r2": 0.9871298451740911,
    "fold_scores": [
      0.9900041056824597,
      0.9926524073613098,
      0.9799692428197136,
      0.9849426246081083,
      0.9880808453988635
    ]
  },
  "2": {
    "r2": 0.9861696943484841,
    "fold_scores": [
      0.9757291770973527,
      0.9937984998954038,
      0.9887617417144413,
      0.9874792040756742,
      0.9850798489595481
    ]
  },
  "3": {
    "r2": 0.9876581689769652,
    "fold_scores": [
      0.9891950464962982,
      0.9743513490662153,
      0.9921438771524053,
      0.9916327123256392,
      0.990967859844268
    ]
  },
  "4": {
    "r2": 0.9870985549327342,
    "fold_scores": [
      0.9702136256116678,
      0.9831938632433884,
      0.9973621267452148,
      0.9912934061485823,
      0.9934297529148172
    ]
  },
  "5": {
    "r2": 0.993219679969972,
    "fold_scores": [
      0.9890264223166557,
      0.9931513832257911,
      0.9894764886579019,
      0.9961663206185809,
      0.9982777850309301
    ]
  },
  "6": {
    "r2": 0.9913482517315846,
    "fold_scores": [
      0.9949405027297729,
      0.979622028185678,
      0.9849167774867288,
      0.9989840668486467,
      0.9982778834070958
    ]
  },
  "7": {
    "r2": 0.9889291764180204,
    "fold_scores": [
      0.9963165691146741,
      0.980757892676545,
      0.9802035142097675,
      0.99757033709266,
      0.9897975689964549
    ]
  },
  "8": {
    "r2": 0.978602402984927,
    "fold_scores": [
      0.9355996127464901,
      0.9785220774982618,
      0.9949972414785343,
      0.9924436404737451,
      0.9914494427276035
    ]
  },
  "9": {
    "r2": 0.9729081093729253,
    "fold_scores": [
      0.9726695483818971,
      0.9145899869438575,
      0.9948473263664728,
      0.9921107470722116,
      0.9903229381001875
    ]
  },
  "10": {
    "r2": 0.9438661593874782,
    "fold_scores": [
      0.9364928949395435,
      0.7990259272419044,
      0.9952287899725805,
      0.9968372506526535,
      0.9917459341307092
    ]
  },
  "11": {
    "r2": 0.9851067413879715,
    "fold_scores": [
      0.9814110990372975,
      0.9715430362037506,
      0.9761208302752546,
      0.9989058948336154,
      0.9975528465899396
    ]
  }
}