{
  "0": {
    "r2": 0.8561336346642265,
    "fold_scores": [
      0.9244042019829299,
      0.885644416846042,
      0.683368119104069,
      0.8627336283861398,
      0.9245178070019521
    ]
  },
  "1": {
    "r2": 0.9949034692406824,
    "fold_scores": [
      0.9977248820662501,
      0.9944372818745116,
      0.9932646258113501,
      0.9920825885411076,
      0.9970079679101923
    ]
  },
  "2": {
    "r2": 0.9756658759766544,
    "fold_scores": [
      0.9842985087363952,
      0.9395682303374597,
      0.985948043648554,
      0.9939131723779121,
      0.9746014247829516
    ]
  },
  "3": {
    "r2": 0.9963844488958224,
    "fold_scores": [
      0.9971358559146895,
      0.9969247924275475,
      0.995839162473356,
      0.9967578836004805,
      0.9952645500630389
    ]
  },
  "4": {
    "r2": 0.9982571650086733,
    "fold_scores": [
      0.9971892823475326,
      0.9988029920908756,
      0.997922220272261,
      0.9986187706630086,
      0.9987525596696885
    ]
  },
  "5": {
    "r2": 0.9969867700693313,
    "fold_scores": [
      0.9941725639302804,
      0.9942827139061458,
      0.9995216290848336,
      0.9983807551484932,
      0.998576188276904
    ]
  },
  "6": {
    "r2": 0.995440479039947,
    "fold_scores": [
      0.9886771814377789,
      0.998039736276799,
      0.9975550164064556,
      0.9947924874933284,
      0.9981379735853733
    ]
  }
}