{
  "0": {
    "r2": 0.8539302713867295,
    "fold_scores": [
      0.8835020870602229,
      0.9417660011869552,
      0.7809541335635583,
      0.747982126536229,
      0.915447008586682
    ]
  },
  "1": {
    "r2": 0.9572350501369005,
    "fold_scores": [
      0.9698579888179926,
      0.9646228863019723,
      0.9502626096329249,
      0.9472567354482483,
      0.9541750304833645
    ]
  },
  "2": {
    "r2": 0.9729142875333551,
    "fold_scores": [
      0.9750520192662666,
      0.9877896394229007,
      0.9691213745743125,
      0.9625568711606216,
      0.9700515332426741
    ]
  },
  "3": {
    "r2": 0.977828702602402,
    "fold_scores": [
      0.9783669615671479,
      0.9811617898337827,
      0.9824374521944873,
      0.97668244525617,
      0.9704948641604221
    ]
  },
  "4": {
    "r2": 0.9917658960691647,
    "fold_scores": [
      0.9946448458411689,
      0.9914338060079694,
      0.99450104811214,
      0.989102205852606,
      0.989147574531939
    ]
  },
  "5": {
    "r2": 0.9974955846251714,
    "fold_scores": [
      0.9974474554833614,
      0.9984641727354074,
      0.9983133152199486,
      0.9972287988130752,
      0.996024180874064
    ]
  },
  "6": {
    "r2": 0.9971163601694422,
    "fold_scores": [
      0.998056429256017,
      0.9966031138199348,
      0.9988456516405467,
      0.9958968017495138,
      0.9961798043811988
    ]
  }
}