{
  "model": "google/gemma-3-12b-it",
  "sae_layer": 24,
  "n_records": 937,
  "top_features_near_break": [
    885,
    14066,
    309,
    5491,
    773,
    5284,
    5734,
    6264,
    499,
    764,
    936,
    52,
    2303,
    831,
    3855,
    85,
    324,
    68,
    82,
    310
  ],
  "top_features_far_from_break": [
    300,
    485,
    183,
    295,
    498,
    358,
    433,
    224,
    515,
    302,
    22,
    221,
    196,
    284,
    412,
    8,
    207,
    378,
    11315,
    77
  ],
  "delta_max": 355.4539794921875,
  "delta_min": -332.85845947265625,
  "delta_mean_abs": 0.7398794889450073,
  "layer_probe_r2": {
    "0": 0.05429723573150831,
    "4": 0.851922609767034,
    "8": 0.8983711692576412,
    "12": -0.0991992252915173,
    "16": 0.7677040368358448,
    "20": 0.35610373204118984,
    "24": 0.30155569460720294,
    "28": 0.7535740450981231,
    "32": 0.31147710233820136,
    "36": 0.34657870124961676,
    "40": -0.8004028018153058,
    "44": -2.1172891668954836
  }
}