{
  "embed": {
    "per_pc_r2": [
      -2.220446049250313e-16,
      -2.220446049250313e-16,
      -2.220446049250313e-16,
      -2.220446049250313e-16,
      -2.220446049250313e-16,
      -2.220446049250313e-16,
      -2.220446049250313e-16,
      -2.220446049250313e-16,
      -2.220446049250313e-16,
      -2.220446049250313e-16,
      -2.220446049250313e-16,
      -2.220446049250313e-16,
      -2.220446049250313e-16,
      -2.220446049250313e-16,
      -2.220446049250313e-16,
      -2.220446049250313e-16,
      -2.220446049250313e-16,
      -2.220446049250313e-16,
      -2.220446049250313e-16,
      -2.220446049250313e-16
    ],
    "explained_var": [
      NaN,
      NaN,
      NaN,
      NaN,
      NaN,
      NaN,
      NaN,
      NaN,
      NaN,
      NaN,
      NaN,
      NaN,
      NaN,
      NaN,
      NaN,
      NaN,
      NaN,
      NaN,
      NaN,
      NaN
    ]
  },
  "attn_out_0": {
    "per_pc_r2": [
      0.5383391215002802,
      0.15137644606247413,
      0.02833111730111204,
      0.09152216274718206,
      5.679597194108155e-06,
      0.01659738448825221,
      0.025647044063234592,
      0.04380529762628449,
      0.0032503408727737604,
      0.003113945907532778,
      0.024806517111353066,
      1.5901402850460045e-05,
      5.762859505953344e-05,
      0.0002431818931438734,
      0.002648389052428146,
      3.9510847845813934e-05,
      0.0010754937905134154,
      0.00032993363598898817,
      0.0009113251745912487,
      0.0009975155667534263
    ],
    "explained_var": [
      0.8391147255897522,
      0.11994867026805878,
      0.024532699957489967,
      0.006312950514256954,
      0.004470112267881632,
      0.0020319095347076654,
      0.0010102384258061647,
      0.0005548244225792587,
      0.0005033583147451282,
      0.00030718036578036845,
      0.00019480500486679375,
      0.0001747423375491053,
      0.00013848562957718968,
      0.000123158359201625,
      0.00010732926602941006,
      9.083262557396665e-05,
      8.042503759497777e-05,
      6.349179602693766e-05,
      3.970679608755745e-05,
      3.167368413414806e-05
    ]
  },
  "attn_out_1": {
    "per_pc_r2": [
      0.10131941214270401,
      0.06935258767073149,
      0.6685465669745982,
      0.09881515735079283,
      0.011665169529611497,
      4.253957154409793e-05,
      0.005509482760940654,
      0.0010177465934251284,
      0.0013258862437509622,
      0.0038983748655035955,
      0.0003400519005578584,
      0.0046523359793849695,
      0.008371216650616797,
      0.003932217120212522,
      0.008596058301662213,
      0.0016392928099797643,
      0.0001084361349611429,
      7.058869057385841e-05,
      0.0009674887304207402,
      0.001888807985700236
    ],
    "explained_var": [
      0.9063979387283325,
      0.04195012152194977,
      0.026273243129253387,
      0.011697824113070965,
      0.003718762192875147,
      0.003307969542220235,
      0.0014943152200430632,
      0.0010371190728619695,
      0.000978215946815908,
      0.00048351805889979005,
      0.00043389812344685197,
      0.0003671752056106925,
      0.0003217335033696145,
      0.000288553477730602,
      0.00017052242765203118,
      0.0001319447037531063,
      0.00012883215094916523,
      0.00010530649160500616,
      8.661475294502452e-05,
      7.116852066246793e-05
    ]
  }
}